UID;GUID;element;exit_codes;result_id;start;end;type
00BEBCF7-833A-4869-9589-E67EBCF13CC5;00000000-0000-0005-5110-581486684385;6114|421|2814|1478|2040|3563|3622|1850|1032|2011|1487|77|212|5479|1398|5478|1562|207|1868|1489|2020|1849|80|5273|1168|2673|3509|5480|3626|966|3343|4867|1853|4853|5422|4877|4882|2001|2816|1834|3597|986|3111|4594|3853|2815|419|4892;489|397|397|397|218|580|465|397|218|397|397|77|482|397|397|397|511|507|320|397|560|397|206|415|491|299|397|397|332|560|560|189|397|218|397|332|332|560|466|397|397|299|397|328|249|397|0|397;1|1|1|1|1|1|1|1|1|1|1|1|1|1|1|1|1|1|1|1|1|1|1|1|1|1|1|1|1|1|1|1|1|1|1|1|1|1|1|1|1|1|1|1|1|1|2|1;2017-02-09 17:53:28;2017-02-09 17:54:13;0.0
038083DF-8D1E-4448-9FE4-D52C354CCF7F;00000000-0000-0008-7645-751490033592;6114|421|2814|1478|2040|3563|3622|1850|1032|2011|1487|77|212|5479|1398|5478|1562|207|1868|1489|2020|1849|80|5273|1168|2673|3509|1169|4879|4588|3081|4881|3625|965|3342|4866|242|4869|463|2828|4862|4848|5498|4865|5424|2041|4876|5485|5257|831|4868|5024|1847|1180|210|5005|4849|4861|5882|4589|935|4870|1408|3833|3834|1839|4590|936|5441|5442|211|208|215|205|4863|3249|3267|990|231|4864|4692|5277|5280|1531|5281|393|398|392|397|5427|3597|986|3110|4594|2815|419|4892;489|397|397|397|218|580|465|397|218|397|397|77|482|397|397|397|511|507|320|397|560|397|206|415|491|299|465|465|218|489|397|231|332|560|560|54|397|218|218|397|491|218|397|491|397|397|326|397|491|426|128|397|397|397|553|397|218|208|397|174|397|125|560|574|574|397|174|426|397|397|553|553|397|397|491|378|397|401|397|28|67|515|580|397|415|12|397|579|397|397|397|121|397|174|397|0|397;1|1|1|1|1|1|1|1|1|1|1|1|1|1|1|1|1|1|1|1|1|1|1|1|1|1|1|1|1|1|1|1|1|1|1|1|1|1|1|1|1|1|1|1|1|1|1|1|1|1|1|1|1|1|1|1|1|1|1|1|1|1|1|1|1|1|1|1|1|1|1|1|1|1|1|1|1|1|1|1|1|1|1|1|1|1|1|1|1|1|1|1|1|1|1|2|1;2017-03-20 13:13:16;2017-03-20 13:14:21;2.0
07C33B4E-608D-4284-86E7-9651D3050023;00000000-0000-0008-4413-081489853134;6114|421|2814|1478|2040|3563|3622|1850|1032|2011|1487|77|212|5479|1398|5478|1562|207|1868|1489|2020|1849|80|5273|1168|2673|3509|5480|3626|966|3343|4867|1853|4853|5422|4877|4882|2001|2816|4884|1835|3597|986|3111|4594|3853|2815|419|4892;489|397|397|397|218|580|465|397|218|397|397|77|482|397|397|397|511|507|320|397|560|397|206|415|491|299|397|397|332|560|560|189|397|218|397|332|332|560|465|236|397|397|299|397|328|249|397|0|397;1|1|1|1|1|1|1|1|1|1|1|1|1|1|1|1|1|1|1|1|1|1|1|1|1|1|1|1|1|1|1|1|1|1|1|1|1|1|1|1|1|1|1|1|1|1|1|2|1;2017-03-18 11:05:50;2017-03-18 11:06:47;2.0
0AAAF236-18F7-44A8-842A-CB8B06317CBA;00000000-0000-0005-5512-561483710181;6114|421|2814|1478|2040|3563|3622|1850|1032|2011|1487|77|212|5479|1398|5478|1562|207|1868|1489|2020|1849|80|5273|1168|2673|3509|1169|4879|4588|3081|4881|3625|965|3342|4866|2828|4862|4848|5498|4865|5424|2041|4888|1840|4883|4859|5050|3138|4885|4693|5671|2457|6101|5158|4257|5289|2018|4778|4774|4436|3254|5851|4776|5977|4719|5609|996|986|3110|4594|3853|2815|419|4892;489|397|397|397|218|580|465|397|218|397|397|77|482|397|397|397|511|507|320|397|560|397|206|415|491|299|465|465|218|489|397|231|332|560|560|256|397|491|218|397|491|397|0|491|397|474|580|397|397|214|215|397|397|397|397|483|397|397|142|483|483|560|397|483|397|123|397|491|121|397|328|249|397|0|397;1|1|1|1|1|1|1|1|1|1|1|1|1|1|1|1|1|1|1|1|1|1|1|1|1|1|1|1|1|1|1|1|1|1|1|1|1|1|1|1|1|1|3|1|1|1|1|1|1|1|1|1|1|1|1|1|1|1|1|1|1|1|1|1|1|1|1|1|1|1|1|1|1|2|1;2017-01-06 07:43:23;2017-01-06 07:44:25;2.0
142CAA57-6212-434C-A379-84D679BE9B00;00000000-0000-0004-9513-571485440659;6114|421|2814|1478|2040|3563|3622|1850|1032|2011|1487|77|212|5479|1398|5478|1562|207|1868|1489|2020|1849|80|5273|1168|2673|3509|1169|4879|4588|3081|4881|3625|965|3342|4866|2828|4862|4848|5498|4865|5424|2041|4876|5485|5257|831|4868|5024|1847|1180|210|5495|5005|4849|4861|5882|4589|5743|3849|3851|4870|1408|3833|3834|1839|4590|4467|5653|3870|3858|4592|936|5441|5442|211|4851|4850|5042|4106|44|4885|4693|5671|2457|6101|5158|4257|5289|2018|4778|4774|4436|3254|5851|4776|5977|4719|5609|996|986|3110|4594|3853|2815|419|4892;489|397|397|397|218|580|465|397|218|397|397|77|482|397|397|397|511|507|320|397|560|397|206|415|491|299|465|465|218|489|397|231|332|560|560|256|397|491|218|397|491|397|397|326|397|491|426|128|397|397|397|482|397|397|218|208|397|43|397|397|301|125|560|574|574|397|328|579|397|133|301|43|426|397|397|507|129|218|397|507|397|214|215|397|397|397|397|483|397|397|142|483|483|560|397|483|397|123|397|491|121|397|328|301|397|0|397;1|1|1|1|1|1|1|1|1|1|1|1|1|1|1|1|1|1|1|1|1|1|1|1|1|1|1|1|1|1|1|1|1|1|1|1|1|1|1|1|1|1|1|1|1|1|1|1|1|1|1|1|1|1|1|1|1|1|1|1|1|1|1|1|1|1|1|1|1|1|1|1|1|1|1|1|1|1|1|1|1|1|1|1|1|1|1|1|1|1|1|1|1|1|1|1|1|1|1|1|1|1|1|1|1|2|1;2017-01-26 08:24:43;2017-01-26 08:25:58;2.0
1EF8F932-39FA-49B8-B64C-607D772710C4;00000000-0000-0008-1228-551483976670;6114|421|2814|1478|2040|3563|3622|1850|1032|2011|1487|77|212|5479|1398|5478|1562|207|1868|1489|2020|1849|80|5273|1168|2673|3509|1169|4879|4588|3081|4881|3625|965|3342|4866|2828|4862|4848|5498|4865|5424|2041|4888|1840|4883|4859|5050|3138|4885|4693|5671|2457|6101|5158|4257|5289|2018|4778|4774|4436|3254|5851|4776|5977|4719|5609|996|986|3110|4594|3853|2815|419|4892;489|397|397|397|218|580|465|397|218|397|397|77|482|397|397|397|511|507|320|397|560|397|206|415|491|299|465|465|218|489|397|231|332|560|560|256|397|491|218|397|491|397|0|491|397|474|580|397|397|214|215|397|397|397|397|483|397|397|142|483|483|560|397|483|397|123|397|491|121|397|328|249|397|0|397;1|1|1|1|1|1|1|1|1|1|1|1|1|1|1|1|1|1|1|1|1|1|1|1|1|1|1|1|1|1|1|1|1|1|1|1|1|1|1|1|1|1|3|1|1|1|1|1|1|1|1|1|1|1|1|1|1|1|1|1|1|1|1|1|1|1|1|1|1|1|1|1|1|2|1;2017-01-09 09:44:52;2017-01-09 09:45:44;2.0
2203B9F4-79FA-4394-903C-63D2A6060485;00000000-0000-0008-4135-221491229862;6114|421|2814|1478|2040|3563|3622|1850|1032|2011|1487|77|212|5479|1398|5478|1562|207|1868|1489|2020|1849|80|5273|1168|2673|3509|1169|1829|4594|3853|2815|419|4892;489|397|397|397|218|580|465|397|218|397|397|77|482|397|397|397|511|507|320|397|560|397|206|415|491|299|466|0|397|328|249|397|0|397;1|1|1|1|1|1|1|1|1|1|1|1|1|1|1|1|1|1|1|1|1|1|1|1|1|1|1|3|1|1|1|1|2|1;2017-04-03 09:31:17;2017-04-03 09:31:28;0.0
2F47EB5F-C793-47A4-8D04-3395EEFCD799;00000000-0000-0005-4060-881486483354;6114|421|2814|1478|2040|3563|3622|1850|1032|2011|1487|77|212|5479|1398|5478|1562|207|1868|1489|2020|1849|80|5273|1168|2673|3509|1169|4879|4588|3081|3625|965|3342|4866|2828|4862|4848|5498|4865|5424|2041|1846|4873|5043|5499|2045|1829|4594|3853|2815|419|4892;489|397|397|397|218|580|465|397|218|397|397|77|482|397|397|397|511|507|320|397|560|397|206|415|491|299|465|465|218|489|466|332|560|560|256|397|491|218|397|491|397|466|397|139|397|397|0|397|328|249|397|0|397;1|1|1|1|1|1|1|1|1|1|1|1|1|1|1|1|1|1|1|1|1|1|1|1|1|1|1|1|1|1|1|1|1|1|1|1|1|1|1|1|1|1|1|1|1|1|3|1|1|1|1|2|1;2017-02-07 10:02:50;2017-02-07 10:03:20;2.0
41B882B5-20DD-4B21-B758-9CCBF65A3652;00000000-0000-0008-1349-011487190325;6114|421|2814|1478|2040|3563|3622|1850|1032|2011|1487|77|212|5479|1398|5478|1562|207|1868|1489|2020|1849|80|5273|1168|2673|3509|1169|4879|4588|3081|4881|3625|965|3342|4866|2828|4862|4848|5498|4865|5424|2041|4888|1840|4883|4859|5050|3138|4885|4693|5671|2457|6101|5158|4257|5289|2018|4778|4774|4436|3254|5851|4776|5278|5932|1798|4325|4854|4272|1806|4852|1604|4594|2815|419|4892;489|397|397|397|218|580|465|397|218|397|397|77|482|397|397|397|511|507|320|397|560|397|206|415|491|299|465|465|218|489|397|231|332|560|560|256|397|491|218|397|491|397|0|491|397|474|580|397|397|214|215|397|397|397|397|483|397|397|142|483|483|560|397|75|580|397|397|93|116|491|397|218|397|174|397|0|397;1|1|1|1|1|1|1|1|1|1|1|1|1|1|1|1|1|1|1|1|1|1|1|1|1|1|1|1|1|1|1|1|1|1|1|1|1|1|1|1|1|1|3|1|1|1|1|1|1|1|1|1|1|1|1|1|1|1|1|1|1|1|1|1|1|1|1|1|1|1|1|1|1|1|1|2|1;2017-02-15 14:25:41;2017-02-15 14:26:58;0.0
57613C90-0A9D-4FAD-8DAD-26798AA00D08;00000000-0000-0005-5096-361484575413;6114|421|2814|1478|2040|3563|3622|1850|1032|2011|1487|77|212|5479|1398|5478|1562|207|1868|1489|2020|1849|80|5273|1168|2673|3509|1169|4879|4588|3081|4881|3625|965|3342|4866|2828|4862|4848|5498|4865|5424|2041|4876|5485|5257|831|4868|5024|1847|1180|210|5495|5005|4849|4861|5882|4589|5743|3849|3851|4870|1408|3833|3834|1839|4590|4467|5653|3870|3858|4592|936|5441|5442|211|4851|4850|5042|4106|44|4885|4693|5671|2457|6101|5158|4257|5289|2018|4778|4774|4436|3254|5851|4776|5977|4719|5609|996|986|3110|4594|3853|2815|419|4892;489|397|397|397|218|580|465|397|218|397|397|77|482|397|397|397|511|507|320|397|560|397|206|415|491|299|465|465|218|489|397|231|332|560|560|256|397|491|218|397|491|397|397|326|397|491|426|128|397|397|397|482|397|397|218|208|397|43|397|397|301|125|560|574|574|397|328|579|397|133|301|43|426|397|397|507|129|218|397|507|397|214|215|397|397|397|397|483|397|397|142|483|483|560|397|483|397|123|397|491|121|397|328|301|397|0|397;1|1|1|1|1|1|1|1|1|1|1|1|1|1|1|1|1|1|1|1|1|1|1|1|1|1|1|1|1|1|1|1|1|1|1|1|1|1|1|1|1|1|1|1|1|1|1|1|1|1|1|1|1|1|1|1|1|1|1|1|1|1|1|1|1|1|1|1|1|1|1|1|1|1|1|1|1|1|1|1|1|1|1|1|1|1|1|1|1|1|1|1|1|1|1|1|1|1|1|1|1|1|1|1|1|2|1;2017-01-16 08:03:57;2017-01-16 08:05:06;0.0
58495B00-E10A-4216-B163-1A4713522B2E;00000000-0000-0005-5023-281486070547;6114|421|2814|1478|2040|3563|3622|1850|1032|2011|1487|77|212|219|5477|1400|217|1562|207|1868|1489|2020|1849|80|1168|2673|3509|1169|1829|4594|2815|419|4892;489|397|397|397|218|580|465|397|218|397|397|77|553|553|397|397|397|511|507|320|397|560|397|294|491|299|465|0|397|174|397|0|397;1|1|1|1|1|1|1|1|1|1|1|1|1|1|1|1|1|1|1|1|1|1|1|1|1|1|1|3|1|1|1|2|1;2017-02-02 15:22:48;2017-02-02 15:22:55;0.0
585D2888-F98A-4DE6-8FD6-A7116DCD8E9E;00000000-0000-0004-9197-111486663549;6114|421|2814|1478|2040|3563|3622|1850|1032|2011|1487|77|212|219|5477|1400|217|1562|207|1868|1489|2020|1849|80|1168|2673|3509|1169|4878|5480|3626|966|3343|4867|1853|4853|5422|4877|4882|2001|2816|4884|1835|3597|986|3111|4594|2815|419|4892;489|397|397|397|218|580|465|397|218|397|397|77|553|553|397|397|397|511|507|320|397|560|397|294|491|299|465|397|299|397|332|560|560|189|397|218|397|332|332|560|465|236|397|397|299|397|174|397|0|397;1|1|1|1|1|1|1|1|1|1|1|1|1|1|1|1|1|1|1|1|1|1|1|1|1|1|1|1|1|1|1|1|1|1|1|1|1|1|1|1|1|1|1|1|1|1|1|1|2|1;2017-02-09 12:06:11;2017-02-09 12:06:59;0.0
5AD08351-6500-4B82-A174-F8F927E5BEB7;00000000-0000-0008-6049-531488220150;6114|421|2814|1478|2040|3563|3622|1850|1032|2011|1487|77|212|219|5477|1400|217|1562|207|1868|1489|2020|1849|80|1168|2673|3509|1169|4879|4588|3081|4881|3625|965|3342|4866|2828|4862|5497|5005|4849|4861|5430|4589|5743|3849|3851|4870|1408|3833|3834|1839|4590|4467|4191|5535|3870|3858|4592|936|5484|5006|836|835|4871|5507|935|4052|5429|5007|1834|3597|986|3110|4594|3853|2815|419|4892;489|397|397|397|218|580|465|397|218|397|397|77|553|553|397|397|397|511|507|320|397|560|397|294|491|299|465|465|218|489|397|231|332|560|560|256|397|580|397|397|218|295|397|43|397|397|301|125|560|574|574|397|328|483|551|397|133|301|43|410|397|397|397|397|98|397|466|552|397|397|397|397|121|397|328|301|397|0|397;1|1|1|1|1|1|1|1|1|1|1|1|1|1|1|1|1|1|1|1|1|1|1|1|1|1|1|1|1|1|1|1|1|1|1|1|1|1|1|1|1|1|1|1|1|1|1|1|1|1|1|1|1|1|1|1|1|1|1|1|1|1|1|1|1|1|1|1|1|1|1|1|1|1|1|1|1|2|1;2017-02-27 12:29:15;2017-02-27 12:30:35;2.0
6218C765-48ED-4135-9C9A-406E5C478A64;00000000-0000-0008-7104-851489085542;6114|421|2814|1478|2040|3563|3622|1850|1032|2011|1487|77|212|5479|1398|5478|1562|207|1868|1489|2020|1849|80|5273|1168|2673|3509|1169|4879|4588|3081|4881|3625|965|3342|4866|242|4869|463|2828|4862|4848|5498|4865|5424|2041|1846|4873|5043|5499|2045|1846|4873|5044|4874|506|1829|4594|3853|2815|419|4892;489|397|397|397|218|580|465|397|218|397|397|77|482|397|397|397|511|507|320|397|560|397|206|415|491|299|465|465|218|489|397|231|332|560|560|54|397|218|218|397|491|218|397|491|397|466|397|139|397|397|466|397|288|397|139|0|397|328|249|397|0|397;1|1|1|1|1|1|1|1|1|1|1|1|1|1|1|1|1|1|1|1|1|1|1|1|1|1|1|1|1|1|1|1|1|1|1|1|1|1|1|1|1|1|1|1|1|1|1|1|1|1|1|1|1|1|1|3|1|1|1|1|2|1;2017-03-09 12:52:45;2017-03-09 12:54:01;2.0
6232B048-BFBF-4E63-A64E-143BE5F06623;00000000-0000-0005-5556-211491631959;6114|421|2814|1478|2040|3563|3622|1850|1032|2011|1487|77|212|5479|1398|5478|1562|207|1868|1489|2020|1849|80|5273|1168|2673|3509|1169|4879|4588|3081|4881|3625|965|3342|4866|2828|4862|4848|5498|4865|5424|2041|1846|4873|5043|5499|2045|4875|5486|5257|831|4868|5024|1847|1180|210|5495|5005|4849|4861|5882|4589|935|4870|1408|3833|3834|1839|4590|936|5441|5442|211|208|215|205|4863|3249|3267|990|231|4864|1877|4880|111|4888|1840|4883|5427|3597|986|3110|4594|2815|419|4892;489|397|397|397|218|580|465|397|218|397|397|77|482|397|397|397|511|507|320|397|560|397|206|415|491|299|465|465|218|489|397|231|332|560|560|256|397|491|218|397|491|397|466|397|139|397|397|397|326|397|491|426|128|397|397|397|482|397|397|218|208|397|174|397|125|560|574|574|397|174|426|397|397|482|553|397|397|491|378|397|401|397|28|580|218|0|491|397|349|397|397|121|397|174|397|0|397;1|1|1|1|1|1|1|1|1|1|1|1|1|1|1|1|1|1|1|1|1|1|1|1|1|1|1|1|1|1|1|1|1|1|1|1|1|1|1|1|1|1|1|1|1|1|1|1|1|1|1|1|1|1|1|1|1|1|1|1|1|1|1|1|1|1|1|1|1|1|1|1|1|1|1|1|1|1|1|1|1|1|1|1|1|3|1|1|1|1|1|1|1|1|1|2|1;2017-04-08 01:12:53;2017-04-08 01:13:57;0.0
63B966B6-89F2-4FA1-BF12-75A1DFE56B0B;00000000-0000-0008-1509-531486042817;6114|421|2814|1478|2040|3563|3622|1850|1032|2011|1487|77|212|5479|1398|5478|1562|207|1868|1489|2020|1849|80|5273|1168|2673|3509|1169|4879|4588|3081|4881|3625|965|3342|4866|2828|4862|4848|5498|4865|5424|2041|4876|5485|5257|831|4868|5024|1847|1180|210|5495|5005|4849|4861|5882|4589|5743|3849|3851|4870|1408|3833|3834|1839|4590|4467|5653|3870|3858|4592|936|5441|5442|211|4851|4850|5042|4106|44|4885|4693|5671|2457|6101|5158|4257|5289|2018|4778|4774|4436|3254|5851|4776|5977|4719|5609|996|986|3110|4594|3853|2815|419|4892;489|397|397|397|218|580|465|397|218|397|397|77|482|397|397|397|511|507|320|397|560|397|206|415|491|299|465|465|218|489|397|231|332|560|560|256|397|491|218|397|491|397|397|326|397|491|426|128|397|397|397|482|397|397|218|208|397|43|397|397|301|125|560|574|574|397|328|579|397|133|301|43|426|397|397|507|129|218|397|507|397|214|215|397|397|397|397|483|397|397|142|483|483|560|397|483|397|123|397|491|121|397|328|301|397|0|397;1|1|1|1|1|1|1|1|1|1|1|1|1|1|1|1|1|1|1|1|1|1|1|1|1|1|1|1|1|1|1|1|1|1|1|1|1|1|1|1|1|1|1|1|1|1|1|1|1|1|1|1|1|1|1|1|1|1|1|1|1|1|1|1|1|1|1|1|1|1|1|1|1|1|1|1|1|1|1|1|1|1|1|1|1|1|1|1|1|1|1|1|1|1|1|1|1|1|1|1|1|1|1|1|1|2|1;2017-02-02 07:40:40;2017-02-02 07:41:44;2.0
662B54F8-176A-4BA2-9BAD-34A4D2772209;00000000-0000-0008-7035-341490213956;6114|421|2814|1478|2040|3563|3622|1850|1032|2011|1487|77|212|5479|1398|5478|1562|207|1868|1489|2020|1849|80|5273|1168|2673|3509|1829|4594|3853|2815|419|4892;489|397|397|397|218|580|465|397|218|397|397|77|482|397|397|397|511|507|320|397|560|397|206|415|491|299|0|397|328|249|397|0|397;1|1|1|1|1|1|1|1|1|1|1|1|1|1|1|1|1|1|1|1|1|1|1|1|1|1|3|1|1|1|1|2|1;2017-03-22 15:19:21;2017-03-22 15:19:25;0.0
68E61A90-3F51-4C60-8485-8886E3E159F0;00000000-0000-0008-1305-071487979255;6114|421|2814|1478|2040|3563|3622|1850|1032|2011|1487|77|212|219|5477|1400|217|1562|4887|207|1868|1489|2020|1849|80|1168|2673|3509|1169|4879|4588|3081|4881|3625|965|3342|4866|242|4869|463|2828|4862|5497|5005|4849|4861|5430|4589|935|4870|1408|3833|3834|1839|4590|936|5441|5442|211|208|215|205|4863|1883|3249|3267|990|231|4864|4692|5277|5280|1531|5281|393|4284|4885|4693|5671|2457|6101|5158|4257|5289|2018|4778|4774|4436|3254|5851|4776|5977|4719|5609|996|986|3110|4594|2815|419|4892;489|397|397|397|218|580|465|397|218|397|397|77|553|553|397|397|397|560|218|507|320|397|560|397|294|491|299|465|465|218|489|397|231|332|560|560|54|397|218|218|397|580|397|397|218|295|397|174|397|125|560|574|574|397|174|426|397|397|553|553|397|397|580|580|378|397|401|397|28|67|515|580|397|415|21|249|214|215|397|397|397|397|483|397|397|142|483|483|560|397|483|397|327|397|491|121|397|174|397|0|397;1|1|1|1|1|1|1|1|1|1|1|1|1|1|1|1|1|1|1|1|1|1|1|1|1|1|1|1|1|1|1|1|1|1|1|1|1|1|1|1|1|1|1|1|1|1|1|1|1|1|1|1|1|1|1|1|1|1|1|1|1|1|1|1|1|1|1|1|1|1|1|1|1|1|1|1|1|1|1|1|1|1|1|1|1|1|1|1|1|1|1|1|1|1|1|1|1|1|1|2|1;2017-02-24 17:34:19;2017-02-24 17:35:39;0.0
6E9362B8-D8E3-4BC4-8EE4-D8004FF96C37;00000000-0000-0008-6095-621486480656;6114|421|2814|1478|2040|3563|3622|1850|1032|2011|1487|77|212|5479|1398|5478|1562|207|1868|1489|2020|1849|80|5273|1168|2673|3509|1169|4879|4588|3081|4881|3625|965|3342|4866|2828|4862|4848|5498|4865|5424|2041|4876|5485|5257|831|4868|5024|1847|1180|210|5495|5005|4849|4861|5882|4589|5743|3849|3851|4870|1408|3833|3834|1839|4590|4467|5653|3870|3858|4592|936|5441|5442|211|4851|4850|5042|4106|44|4885|4693|5671|2457|6101|5158|4257|5289|2018|4778|4774|4436|3254|5851|4776|5977|4719|5609|996|986|3110|4594|3853|2815|419|4892;489|397|397|397|218|580|465|397|218|397|397|77|482|397|397|397|511|507|320|397|560|397|206|415|491|299|465|465|218|489|397|231|332|560|560|256|397|491|218|397|491|397|397|326|397|491|426|128|397|397|397|482|397|397|218|208|397|43|397|397|301|125|560|574|574|397|328|579|397|133|301|43|426|397|397|507|129|218|397|507|397|214|215|397|397|397|397|483|397|397|142|483|483|560|397|483|397|123|397|491|121|397|328|301|397|0|397;1|1|1|1|1|1|1|1|1|1|1|1|1|1|1|1|1|1|1|1|1|1|1|1|1|1|1|1|1|1|1|1|1|1|1|1|1|1|1|1|1|1|1|1|1|1|1|1|1|1|1|1|1|1|1|1|1|1|1|1|1|1|1|1|1|1|1|1|1|1|1|1|1|1|1|1|1|1|1|1|1|1|1|1|1|1|1|1|1|1|1|1|1|1|1|1|1|1|1|1|1|1|1|1|1|2|1;2017-02-07 09:17:59;2017-02-07 09:19:07;1.0
709CD921-2E70-4FFC-AF06-A0EEA3F24547;00000000-0000-0005-0069-891484000550;6114|421|2814|1478|2040|3563|3622|1850|1032|2011|1487|77|212|5479|1398|5478|1562|207|1868|1489|2020|1849|80|5273|1168|2673|3509|1169|4879|4588|3081|4881|3625|965|3342|4866|2828|4862|4848|5498|4865|5424|2041|1846|4873|5043|5499|2045|4888|1840|4883|4859|5050|3138|4885|4693|5671|2457|6101|5158|4257|5289|2018|4778|4774|4436|3254|5851|4776|5977|4719|5609|996|986|3110|4594|3853|2815|419|4892;489|397|397|397|218|580|465|397|218|397|397|77|482|397|397|397|511|507|320|397|560|397|206|415|491|299|465|465|218|489|397|231|332|560|560|256|397|491|218|397|491|397|466|397|139|397|397|0|491|397|474|580|397|397|214|215|397|397|397|397|483|397|397|142|483|483|560|397|483|397|123|397|491|121|397|328|249|397|0|397;1|1|1|1|1|1|1|1|1|1|1|1|1|1|1|1|1|1|1|1|1|1|1|1|1|1|1|1|1|1|1|1|1|1|1|1|1|1|1|1|1|1|1|1|1|1|1|3|1|1|1|1|1|1|1|1|1|1|1|1|1|1|1|1|1|1|1|1|1|1|1|1|1|1|1|1|1|1|2|1;2017-01-09 16:22:54;2017-01-09 16:24:01;2.0
727AC67B-AD13-496A-912A-87586E15E681;00000000-0000-0008-4573-381491332398;6114|421|2814|1478|2040|3563|3622|1850|1032|2011|1487|77|212|5479|1398|5478|1562|207|1868|1489|2020|1849|80|5273|1168|2673|3509|1169|4879|4588|3081|1829|4594|3853|2815|419|4892;489|397|397|397|218|580|465|397|218|397|397|77|482|397|397|397|511|507|320|397|560|397|206|415|491|299|465|465|218|489|0|397|328|249|397|0|397;1|1|1|1|1|1|1|1|1|1|1|1|1|1|1|1|1|1|1|1|1|1|1|1|1|1|1|1|1|1|3|1|1|1|1|2|1;2017-04-04 14:00:20;2017-04-04 14:00:58;0.0
72E21861-D281-4BC7-88CF-E43F23DCDA4F;00000000-0000-0008-2418-981486068581;6114|421|2814|1478|2040|3563|3622|1850|1032|2011|1487|77|212|219|5477|1400|217|1562|207|1868|1489|2020|1849|80|1168|2673|3509|1169|4879|4588|3081|4881|2672|5436|4886|5500|4594|3853|2815|419|4892;489|397|397|397|218|580|465|397|218|397|397|77|553|553|397|397|397|511|507|320|397|560|397|294|491|299|465|465|218|489|397|272|218|397|185|397|328|249|397|0|397;1|1|1|1|1|1|1|1|1|1|1|1|1|1|1|1|1|1|1|1|1|1|1|1|1|1|1|1|1|1|1|1|1|1|1|1|1|1|1|2|1;2017-02-02 14:49:55;2017-02-02 14:50:13;0.0
763E4B6B-1310-4843-8020-EE93BAA80767;00000000-0000-0008-4320-491491600113;6114|421|2814|1478|2040|3563|3622|1850|1032|2011|1487|77|212|5479|1398|5478|1562|207|1868|1489|2020|1849|80|5273|1168|2673|3509|1169|4879|4588|3081|4881|2672|995|2732|5435|4594|3853|2815|419|4892;489|397|397|397|218|580|465|397|218|397|397|77|482|397|397|397|511|507|320|397|560|397|206|415|491|299|465|465|218|489|397|272|332|251|465|397|328|249|397|0|397;1|1|1|1|1|1|1|1|1|1|1|1|1|1|1|1|1|1|1|1|1|1|1|1|1|1|1|1|1|1|1|1|1|1|1|1|1|1|1|2|1;2017-04-07 16:22:14;2017-04-07 16:22:40;0.0
78F24554-B6E1-4BFB-B34C-D2FD79D212DF;00000000-0000-0005-4484-451489774909;6114|421|2814|1478|2040|3563|3622|1850|1032|2011|1487|77|212|5479|1398|5478|1562|207|1868|1489|2020|1849|80|5273|1168|2673|3509|1169|4879|4588|3081|3625|965|3342|4866|242|1829|4594|3853|2815|419|4892;489|397|397|397|218|580|465|397|218|397|397|77|482|397|397|397|511|507|320|397|560|397|206|415|491|299|465|465|218|489|466|332|560|560|54|0|397|328|249|397|0|397;1|1|1|1|1|1|1|1|1|1|1|1|1|1|1|1|1|1|1|1|1|1|1|1|1|1|1|1|1|1|1|1|1|1|1|3|1|1|1|1|2|1;2017-03-17 13:22:16;2017-03-17 13:23:14;2.0
7F680518-89C2-4B5B-AFEC-FE5F524F1A52;00000000-0000-0005-2288-831486848776;6114|421|2814|1478|2040|3563|3622|1850|1032|2011|1487|77|212|219|5477|1400|217|1562|207|1868|1489|2020|1849|80|1168|2673|3509|1169|4879|4588|3081|4881|3625|965|3342|4866|242|4869|463|2828|4862|5497|5005|4849|4861|5430|4589|935|1829|4594|2815|419|4892;489|397|397|397|218|580|465|397|218|397|397|77|553|553|397|397|397|511|507|320|397|560|397|294|491|299|465|465|218|489|397|231|332|560|560|54|397|218|218|397|580|397|397|218|295|397|174|0|397|174|397|0|397;1|1|1|1|1|1|1|1|1|1|1|1|1|1|1|1|1|1|1|1|1|1|1|1|1|1|1|1|1|1|1|1|1|1|1|1|1|1|1|1|1|1|1|1|1|1|1|3|1|1|1|2|1;2017-02-11 15:33:02;2017-02-11 15:33:33;0.0
850F7761-FD8B-44C5-9357-4F14275B9E8D;00000000-0000-0005-4235-941493919794;6114|421|2814|1478|2040|3563|3622|1850|1032|2011|1487|77|212|5476|1489|2020|1849|80|1168|2673|3509|1169|4879|4588|3081|4881|3625|965|3342|4866|242|4869|463|2828|4862|4848|5498|4865|5424|2041|4876|5485|5257|831|4868|5024|1847|1180|210|5046|204|4856|5041|838|837|4888|1840|4883|5427|3597|986|3110|4594|3853|2815|419|4892;489|397|397|397|218|580|465|397|218|397|397|77|363|397|397|560|397|220|491|299|465|465|218|489|397|231|332|560|560|54|397|218|218|397|491|218|397|491|397|397|326|397|491|426|128|397|397|397|507|397|397|16|397|397|0|491|397|372|397|397|121|397|328|249|397|0|397;1|1|1|1|1|1|1|1|1|1|1|1|1|1|1|1|1|1|1|1|1|1|1|1|1|1|1|1|1|1|1|1|1|1|1|1|1|1|1|1|1|1|1|1|1|1|1|1|1|1|1|1|1|1|3|1|1|1|1|1|1|1|1|1|1|2|1;2017-05-04 12:43:36;2017-05-04 12:44:32;0.0
88AA7A81-C854-49A6-AD42-F66F13C3B5C4;00000000-0000-0008-7289-141487179070;6114|421|2814|1478|2040|3563|3622|1850|1032|2011|1487|77|212|219|5477|1400|217|1562|4887|207|1868|1489|2020|1849|80|1168|2673|3509|1169|4879|4588|3081|4881|3625|965|3342|4866|242|4869|463|2828|4862|5497|5005|4849|4861|5430|4589|935|4052|5429|5007|1834|3597|986|3110|4594|2815|419|4892;489|397|397|397|218|580|465|397|218|397|397|77|553|553|397|397|397|560|218|507|320|397|560|397|294|491|299|465|465|218|489|397|231|332|560|560|54|397|218|218|397|580|397|397|218|295|397|174|466|552|397|397|397|397|121|397|174|397|0|397;1|1|1|1|1|1|1|1|1|1|1|1|1|1|1|1|1|1|1|1|1|1|1|1|1|1|1|1|1|1|1|1|1|1|1|1|1|1|1|1|1|1|1|1|1|1|1|1|1|1|1|1|1|1|1|1|1|1|2|1;2017-02-15 11:17:56;2017-02-15 11:18:43;0.0
91F30F73-0BC3-4E40-B40D-08B5B70D1843;00000000-0000-0008-2261-781495139920;6114|421|2814|1478|2040|3563|3622|1850|1032|2011|1487|77|212|5479|1398|5478|1562|207|1868|1489|2020|1849|80|5273|1168|2673|3509|1169|4879|4588|3081|4881|3625|965|3342|4866|242|4869|463|5251|3567|4857|5426|4855|5428|3597|986|3110|4594|3853|2815|419|4892;489|397|397|397|218|580|465|397|218|397|397|77|482|397|397|397|511|507|320|397|560|397|206|415|491|299|465|465|218|489|397|231|332|560|560|303|397|218|302|234|397|19|397|219|397|397|121|397|328|249|397|0|397;1|1|1|1|1|1|1|1|1|1|1|1|1|1|1|1|1|1|1|1|1|1|1|1|1|1|1|1|1|1|1|1|1|1|1|1|1|1|1|1|1|1|1|1|1|1|1|1|1|1|1|2|1;2017-05-18 15:38:55;2017-05-18 15:39:39;0.0
98CFF817-19BE-460A-A456-755C79F90283;00000000-0000-0004-9258-141484327440;6114|421|2814|1478|2040|3563|3622|1850|1032|2011|1487|77|212|5479|1398|5478|1562|207|1868|1489|2020|1849|80|5273|1168|2673|3509|1169|4879|4588|3081|4881|3625|965|3342|4866|242|4869|463|2828|4862|4848|5498|4865|5424|2041|4876|5485|5257|831|4868|5024|1847|1180|210|5495|5005|4849|4861|5882|4589|935|4870|1408|3833|3834|1839|4590|936|5441|5442|211|208|215|205|4863|3249|3267|990|231|4864|4692|5277|5280|1531|5281|393|4284|4326|5654|4406|5397|4261|5559|4283|5173|4550|5174|4486|6055|5085|1908|626|6056|5677|4885|4693|5671|2457|6101|5158|4257|5289|2018|4778|4774|4436|3254|5851|4776|4274|5977|4719|5609|996|986|3110|4594|2815|419|4892;489|397|397|397|218|580|465|397|218|397|397|77|482|397|397|397|511|397|320|397|560|397|206|415|491|299|465|465|218|489|397|231|332|560|560|54|397|218|218|397|491|218|397|491|397|397|326|397|491|426|128|397|397|397|482|397|397|218|208|397|174|397|125|560|574|574|397|174|426|397|397|482|553|397|397|491|378|397|401|397|28|67|515|580|397|415|21|11|580|397|280|397|173|397|415|560|415|560|263|397|397|415|491|397|397|214|215|397|397|397|397|483|397|397|142|483|483|560|397|260|491|397|260|397|491|121|397|174|397|0|397;1|1|1|1|1|1|1|1|1|1|1|1|1|1|1|1|1|1|1|1|1|1|1|1|1|1|1|1|1|1|1|1|1|1|1|1|1|1|1|1|1|1|1|1|1|1|1|1|1|1|1|1|1|1|1|1|1|1|1|1|1|1|1|1|1|1|1|1|1|1|1|1|1|1|1|1|1|1|1|1|1|1|1|1|1|1|1|1|1|1|1|1|1|1|1|1|1|1|1|1|1|1|1|1|1|1|1|1|1|1|1|1|1|1|1|1|1|1|1|1|1|1|1|1|1|1|1|1|1|2|1;2017-01-13 11:11:02;2017-01-13 11:12:16;0.0
9E3DC540-FE0C-4785-BD97-95CB20D59CDC;00000000-0000-0008-2627-921485783987;6114|421|2814|1478|2040|3563|3622|1850|1032|2011|1487|77|212|5479|1398|5478|1562|207|1868|1489|2020|1849|80|5273|1168|2673|3509|1169|4879|4588|3081|4881|3625|965|3342|4866|2828|4862|4848|5498|4865|5424|2041|4876|5485|5257|831|4868|5024|1847|1180|210|5495|5005|4849|4861|5882|4589|5743|3849|3851|4870|1408|3833|3834|1839|4590|4467|5653|3870|3858|4592|936|5441|5442|211|4851|4850|5042|4106|44|4885|4693|5671|2457|6101|5158|4257|5289|2018|4778|4774|4436|3254|5851|4776|5977|4719|5609|996|986|3110|4594|3853|2815|419|4892;489|397|397|397|218|580|465|397|218|397|397|77|482|397|397|397|511|507|320|397|560|397|206|415|491|299|465|465|218|489|397|231|332|560|560|256|397|491|218|397|491|397|397|326|397|491|426|128|397|397|397|482|397|397|218|208|397|43|397|397|301|125|560|574|574|397|328|579|397|133|301|43|426|397|397|507|129|218|397|507|397|214|215|397|397|397|397|483|397|397|142|483|483|560|397|483|397|123|397|491|121|397|328|301|397|0|397;1|1|1|1|1|1|1|1|1|1|1|1|1|1|1|1|1|1|1|1|1|1|1|1|1|1|1|1|1|1|1|1|1|1|1|1|1|1|1|1|1|1|1|1|1|1|1|1|1|1|1|1|1|1|1|1|1|1|1|1|1|1|1|1|1|1|1|1|1|1|1|1|1|1|1|1|1|1|1|1|1|1|1|1|1|1|1|1|1|1|1|1|1|1|1|1|1|1|1|1|1|1|1|1|1|2|1;2017-01-30 07:46:39;2017-01-30 07:47:49;1.0
9EF941F9-14FF-4F5D-A894-7F90B3427DF1;00000000-0000-0004-9199-341489439603;6114|421|2814|1478|2040|3563|3622|1850|1032|2011|1487|77|212|219|5477|1400|217|1562|207|1868|1489|2020|1849|80|1168|2673|3509|1169|1829|4594|3853|2815|419|4892;489|397|397|397|218|580|465|397|218|397|397|77|553|553|397|397|397|511|507|320|397|560|397|294|491|299|465|0|397|328|249|397|0|397;1|1|1|1|1|1|1|1|1|1|1|1|1|1|1|1|1|1|1|1|1|1|1|1|1|1|1|3|1|1|1|1|2|1;2017-03-13 16:13:44;2017-03-13 16:13:49;0.0
A18F2F15-370E-4AD6-98BA-4086D6436EDF;00000000-0000-0008-7383-441488917125;6114|421|2814|1478|2040|3563|3622|1850|1032|2011|1487|77|212|219|5477|1400|217|1562|4887|207|1868|1489|2020|1849|80|1168|2673|3509|1169|4879|4588|3081|4881|3625|965|3342|4866|242|4869|463|2828|4862|5497|5005|4849|4861|5430|4589|935|4870|1408|3833|3834|1839|4590|936|5441|5442|211|208|215|205|4863|1883|3249|3267|990|231|4864|4692|5277|5280|1531|5281|393|398|392|397|5427|3597|986|3110|4594|2815|419|4892;489|397|397|397|218|580|465|397|218|397|397|77|553|553|397|397|397|560|218|507|320|397|560|397|294|491|299|465|465|218|489|397|231|332|560|560|54|397|218|218|397|580|397|397|218|295|397|174|397|125|560|574|574|397|174|426|397|397|553|553|397|397|580|580|378|397|401|397|28|67|515|580|397|415|12|397|579|397|397|397|121|397|174|397|0|397;1|1|1|1|1|1|1|1|1|1|1|1|1|1|1|1|1|1|1|1|1|1|1|1|1|1|1|1|1|1|1|1|1|1|1|1|1|1|1|1|1|1|1|1|1|1|1|1|1|1|1|1|1|1|1|1|1|1|1|1|1|1|1|1|1|1|1|1|1|1|1|1|1|1|1|1|1|1|1|1|1|1|1|1|2|1;2017-03-07 14:05:30;2017-03-07 14:06:46;0.0
A2096E38-119B-4306-8745-B27B5DC08702;00000000-0000-0005-0489-591485381120;6114|421|2814|1478|2040|3563|3621|1850|1032|2011|1487|77|212|219|5477|1400|217|1562|207|1868|1489|2020|1849|80|1168|2673|3509|1169|4879|4588|3081|4881|3625|965|3342|4866|2828|4862|5497|5005|4849|4861|5430|4589|935|4870|1408|3833|3834|1839|4590|936|5441|5442|211|208|215|205|4863|1883|4968|2828|4862|4848|5420|4865|5424|2041|1829|4594|2815|419|4892;489|397|397|397|218|491|465|397|218|397|397|77|553|553|397|397|397|511|507|320|397|560|397|294|491|299|465|465|218|489|397|231|332|560|560|256|397|580|397|397|218|295|397|174|397|125|560|574|574|397|174|426|397|397|553|553|397|397|580|491|397|397|491|332|397|491|397|0|397|174|397|0|397;1|1|1|1|1|1|1|1|1|1|1|1|1|1|1|1|1|1|1|1|1|1|1|1|1|1|1|1|1|1|1|1|1|1|1|1|1|1|1|1|1|1|1|1|1|1|1|1|1|1|1|1|1|1|1|1|1|1|1|1|1|1|1|1|1|1|1|3|1|1|1|2|1;2017-01-25 15:52:25;2017-01-25 15:53:10;0.0
A2E8FA1A-846F-4E70-BA93-ADD7DDA0D07F;00000000-0000-0008-4295-281488825463;6114|421|2814|1478|2040|3563|3622|1850|1032|2011|1487|77|212|219|5477|1400|217|1562|207|1868|1489|2020|1849|80|1168|2673|3509|1169|4879|4588|3081|4881|3625|965|3342|4866|242|4869|463|2828|4862|5497|5005|4849|4861|5430|4589|5743|3849|3851|4870|5008|3127|5446|1845|4593|5100|3849|3851|4870|1408|3833|3834|1839|4590|4467|4191|5535|3870|3858|4592|936|5484|5006|836|835|4871|5441|5442|211|4851|4850|5042|4106|5490|44|4885|4693|5671|2457|6101|5158|4257|5289|2018|4778|4774|4436|4818|4117|4775|5170|4725|3254|5851|4776|5977|4719|1841|2482|5428|3597|986|3110|4594|3853|2815|419|4892;489|397|397|397|218|580|465|397|218|397|397|77|553|553|397|397|397|511|507|320|397|560|397|294|491|299|465|465|218|489|397|231|332|560|560|54|397|218|218|397|580|397|397|218|295|397|43|397|397|301|279|397|397|397|397|43|397|397|301|125|560|574|574|397|328|483|551|397|133|301|43|410|397|397|397|397|73|397|397|507|129|218|397|552|397|397|214|215|397|397|397|397|483|397|397|142|483|579|397|483|483|397|579|560|397|483|397|342|397|306|397|397|121|397|328|301|397|0|397;1|1|1|1|1|1|1|1|1|1|1|1|1|1|1|1|1|1|1|1|1|1|1|1|1|1|1|1|1|1|1|1|1|1|1|1|1|1|1|1|1|1|1|1|1|1|1|1|1|1|1|1|1|1|1|1|1|1|1|1|1|1|1|1|1|1|1|1|1|1|1|1|1|1|1|1|1|1|1|1|1|1|1|1|1|1|1|1|1|1|1|1|1|1|1|1|1|1|1|1|1|1|1|1|1|1|1|1|1|1|1|1|1|1|1|1|1|2|1;2017-03-06 12:37:48;2017-03-06 12:39:13;0.0
A5AC009C-E577-4110-9809-05C097A0A941;00000000-0000-0008-1464-301486506237;6114|421|2814|1478|2040|3563|3622|1850|1032|2011|1487|77|212|5479|1398|5478|1562|207|1868|1489|2020|1849|80|5273|1168|2673|3509|1169|4879|4588|3081|3625|965|3342|4866|242|4869|5502|5428|3597|986|3110|4594|2815|419|4892;489|397|397|397|218|580|465|397|218|397|397|77|482|397|397|397|511|507|320|397|560|397|206|415|491|299|465|465|218|489|466|332|560|560|54|397|332|397|397|397|121|397|174|397|0|397;1|1|1|1|1|1|1|1|1|1|1|1|1|1|1|1|1|1|1|1|1|1|1|1|1|1|1|1|1|1|1|1|1|1|1|1|1|1|1|1|1|1|1|1|2|1;2017-02-07 16:24:19;2017-02-07 16:25:07;0.0
AEEEADC9-CEE5-4CB3-BEDB-52E4F4528A44;00000000-0000-0005-5500-121492470064;6114|421|2814|1478|2040|3563|3622|1850|1032|5425|2011|1487|77|212|5479|1398|5478|1562|207|1868|1489|2020|1849|80|5273|1168|2673|3509|1169|4879|4588|3081|4881|3625|965|3342|4866|242|4888|1840|4883|463|2828|4862|4848|5498|4865|156|5424|2041|4888|1840|4883|4859|5045|5427|3597|986|3110|4594|3853|2815|419|4892;489|397|397|397|218|580|465|397|332|397|397|397|77|482|397|397|397|511|507|320|397|560|397|206|415|491|299|465|465|218|489|397|231|332|560|560|252|0|491|397|53|218|397|491|218|397|580|397|397|0|491|397|474|491|397|397|397|121|397|328|249|397|0|397;1|1|1|1|1|1|1|1|1|1|1|1|1|1|1|1|1|1|1|1|1|1|1|1|1|1|1|1|1|1|1|1|1|1|1|1|1|3|1|1|1|1|1|1|1|1|1|1|1|3|1|1|1|1|1|1|1|1|1|1|1|1|2|1;2017-04-17 18:01:19;2017-04-17 18:02:15;2.0
B0E9AEB9-83F0-4FD8-8213-A91F1CF4DE2A;00000000-0000-0008-6361-231484764289;6114|421|2814|1478|2040|3563|3622|1850|1032|2011|1487|77|212|219|5477|1400|217|1562|207|1868|1489|2020|1849|80|1168|2673|3509|1169|4879|4588|3081|4881|3625|965|3342|4866|242|4869|463|2828|4862|5497|5005|4849|4861|5430|4589|935|4870|1408|3833|3834|1839|4590|936|5441|5442|211|208|215|205|4863|1883|3249|3267|990|231|4864|4692|5277|5280|1531|5281|393|4284|4326|5654|4406|5397|4261|5559|4283|5173|4550|5174|4486|6055|5085|1908|626|6056|5677|4885|4693|5671|2457|6101|5158|4257|5289|2018|4778|4774|4436|3254|5851|4776|4274|5977|4719|5609|996|986|3110|4594|2815|419|4892;489|397|397|397|218|580|465|397|218|397|397|77|553|553|397|397|397|511|507|320|397|560|397|294|491|299|465|465|218|489|397|231|332|560|560|54|397|218|218|397|580|397|397|218|295|397|174|397|125|560|574|574|397|174|426|397|397|553|553|397|397|580|580|378|397|401|397|28|67|515|580|397|415|21|11|580|397|280|397|173|397|415|560|415|560|263|397|397|415|491|397|397|214|215|397|397|397|397|483|397|397|142|483|483|560|397|260|491|397|260|397|491|121|397|174|397|0|397;1|1|1|1|1|1|1|1|1|1|1|1|1|1|1|1|1|1|1|1|1|1|1|1|1|1|1|1|1|1|1|1|1|1|1|1|1|1|1|1|1|1|1|1|1|1|1|1|1|1|1|1|1|1|1|1|1|1|1|1|1|1|1|1|1|1|1|1|1|1|1|1|1|1|1|1|1|1|1|1|1|1|1|1|1|1|1|1|1|1|1|1|1|1|1|1|1|1|1|1|1|1|1|1|1|1|1|1|1|1|1|1|1|1|1|1|2|1;2017-01-18 12:31:51;2017-01-18 12:32:55;0.0
B4BD1F1E-1332-465B-B23D-41D01C60BE4F;00000000-0000-0005-4235-141493145059;6114|421|2814|1478|2040|3563|3622|1850|1032|2011|1487|77|212|218|5477|1400|217|1562|207|1868|1489|2020|1849|80|1168|2673|3509|1169|4879|4588|3081|4881|3625|965|3342|4866|242|4869|463|2828|4862|5497|5005|4849|4861|5430|4589|5743|3849|3851|4870|5008|3127|5446|1845|4593|5100|3849|3851|4870|1408|3833|3834|1839|4590|4467|4191|5535|3870|3858|4592|936|5484|5006|836|835|4871|5441|5442|211|4851|4850|5042|4106|5490|44|4885|4693|2478|4432|5671|2457|6101|5158|4257|5289|2018|4778|4774|4436|3254|5851|4776|5977|4719|1841|2482|5428|3597|986|3110|4594|3853|2815|419|4892;489|397|397|397|218|580|465|397|218|397|397|77|553|553|397|397|397|511|507|320|397|560|397|294|491|299|465|465|218|489|397|231|332|560|560|54|397|218|218|397|580|397|397|218|295|397|43|397|397|301|279|397|397|397|397|43|397|397|301|125|560|574|574|397|328|483|551|397|133|301|43|410|397|397|397|397|73|397|397|507|129|218|397|552|397|397|214|215|397|218|397|397|397|397|483|397|397|142|483|483|560|397|483|397|342|397|306|397|397|121|397|328|301|397|0|397;1|1|1|1|1|1|1|1|1|1|1|1|1|1|1|1|1|1|1|1|1|1|1|1|1|1|1|1|1|1|1|1|1|1|1|1|1|1|1|1|1|1|1|1|1|1|1|1|1|1|1|1|1|1|1|1|1|1|1|1|1|1|1|1|1|1|1|1|1|1|1|1|1|1|1|1|1|1|1|1|1|1|1|1|1|1|1|1|1|1|1|1|1|1|1|1|1|1|1|1|1|1|1|1|1|1|1|1|1|1|1|1|1|1|2|1;2017-04-25 13:31:14;2017-04-25 13:32:29;0.0
B8FECCB8-E4EA-4F58-A641-65589402EBE8;00000000-0000-0004-9650-001490989406;6114|421|2814|1478|2040|3563|3622|1850|1032|2011|1487|77|212|5479|1398|5478|1562|207|1868|1489|2020|1849|80|5273|1168|2673|3509|1169|4879|4588|3081|4881|2672|5436|4886|4594|3853|2815|419|4892;489|397|397|397|218|580|465|397|218|397|397|77|482|397|397|397|511|507|320|397|560|397|206|415|491|299|465|465|218|489|397|272|218|397|120|328|249|397|0|397;1|1|1|1|1|1|1|1|1|1|1|1|1|1|1|1|1|1|1|1|1|1|1|1|1|1|1|1|1|1|1|1|1|1|1|1|1|1|2|1;2017-03-31 14:43:46;2017-03-31 14:44:07;0.0
BC4EF95E-649D-4E4C-BF55-5C2F4E8F9BA9;00000000-0000-0008-2119-121490650612;6114|421|2814|1478|2040|3563|3622|1850|1032|2011|1487|77|212|5479|1398|5478|1562|207|1868|1489|2020|1849|80|5273|1168|2673|3509|1169|4879|4588|3081|4881|3625|965|3342|4866|242|4869|463|2828|4862|4848|5498|4865|5424|2041|4888|1840|4883|4859|5050|3138|4885|4693|5671|2457|6101|5158|4257|5289|2018|4778|4774|4436|3254|5851|4776|5977|4719|1841|2482|5428|3597|986|3110|4594|2815|419|4892;489|397|397|397|218|580|465|397|218|397|397|77|482|397|397|397|511|507|320|397|560|397|206|415|491|299|465|465|218|489|397|231|332|560|560|54|397|218|218|397|491|218|397|491|397|0|491|397|474|580|397|397|214|215|397|397|397|397|483|397|397|142|483|483|560|397|483|397|342|397|306|397|397|121|397|174|397|0|397;1|1|1|1|1|1|1|1|1|1|1|1|1|1|1|1|1|1|1|1|1|1|1|1|1|1|1|1|1|1|1|1|1|1|1|1|1|1|1|1|1|1|1|1|1|3|1|1|1|1|1|1|1|1|1|1|1|1|1|1|1|1|1|1|1|1|1|1|1|1|1|1|1|1|1|1|1|2|1;2017-03-27 16:36:57;2017-03-27 16:37:54;0.0
BF87159F-76F6-4AEB-8F85-3A5EE055B6E4;00000000-0000-0005-0462-931483999575;6114|421|2814|1478|2040|3563|3622|1850|1032|2011|1487|77|212|5479|1398|5478|1562|207|1868|1489|2020|1849|80|5273|1168|2673|3509|1169|4879|4588|3081|4881|3625|965|3342|4866|2828|4862|4848|5498|4865|5424|2041|1846|4873|5043|5499|2045|4888|1840|4883|4859|5050|3138|4885|4693|5671|2457|6101|5158|4257|5289|2018|4778|4774|4436|3254|5851|4776|5977|4719|5609|996|986|3110|4594|3853|2815|419|4892;489|397|397|397|218|580|465|397|218|397|397|77|482|397|397|397|511|507|320|397|560|397|206|415|491|299|465|465|218|489|397|231|332|560|560|256|397|491|218|397|491|397|466|397|139|397|397|0|491|397|474|580|397|397|214|215|397|397|397|397|483|397|397|142|483|483|560|397|483|397|123|397|491|121|397|328|249|397|0|397;1|1|1|1|1|1|1|1|1|1|1|1|1|1|1|1|1|1|1|1|1|1|1|1|1|1|1|1|1|1|1|1|1|1|1|1|1|1|1|1|1|1|1|1|1|1|1|3|1|1|1|1|1|1|1|1|1|1|1|1|1|1|1|1|1|1|1|1|1|1|1|1|1|1|1|1|1|1|2|1;2017-01-09 16:06:38;2017-01-09 16:07:32;2.0
C8D03D7A-1B68-48E3-B13C-61354C249A31;00000000-0000-0004-9353-431485271449;6114|421|2814|1478|2040|3563|3622|1850|1032|2011|1487|77|212|5479|1398|5478|1562|207|1868|1489|2020|1849|80|5273|1168|2673|3509|1169|4879|4588|3081|4881|3625|965|3342|4866|2828|4862|4848|5498|4865|5424|2041|4876|5485|5257|831|4868|5024|1847|1180|210|5495|5005|4849|4861|5882|4589|5743|3849|3851|4870|1408|3833|3834|1839|4590|4467|5653|3870|3858|4592|936|5441|5442|211|4851|4850|5042|4106|44|4885|4693|5671|2457|6101|5158|4257|5289|2018|4778|4774|4819|4722|5999|5158|4257|5289|2018|4778|4774|4436|3254|5851|4776|5977|4719|5609|996|986|3110|4594|3853|2815|419|4892;489|397|397|397|218|580|465|397|218|397|397|77|482|397|397|397|511|507|320|397|560|397|206|415|491|299|465|465|218|489|397|231|332|560|560|256|397|491|218|397|491|397|397|326|397|491|426|128|397|397|397|482|397|397|218|208|397|43|397|397|301|125|560|574|574|397|328|579|397|133|301|43|426|397|397|507|129|218|397|507|397|214|215|397|397|397|397|483|397|397|142|391|397|12|397|397|483|397|397|142|483|483|560|397|483|397|123|397|491|121|397|328|301|397|0|397;1|1|1|1|1|1|1|1|1|1|1|1|1|1|1|1|1|1|1|1|1|1|1|1|1|1|1|1|1|1|1|1|1|1|1|1|1|1|1|1|1|1|1|1|1|1|1|1|1|1|1|1|1|1|1|1|1|1|1|1|1|1|1|1|1|1|1|1|1|1|1|1|1|1|1|1|1|1|1|1|1|1|1|1|1|1|1|1|1|1|1|1|1|1|1|1|1|1|1|1|1|1|1|1|1|1|1|1|1|1|1|1|1|1|2|1;2017-01-24 09:24:32;2017-01-24 09:25:44;1.0
CE6C3C44-1B0E-4664-9818-D0040EC17528;00000000-0000-0004-9014-781484669272;6114|421|2814|1478|2040|3563|3622|1850|1032|2011|1487|77|212|5479|1398|5478|1562|207|1868|1489|2020|1849|80|5273|1168|2673|3509|1169|4879|4588|3081|4881|3625|965|3342|4866|242|4869|5502|5428|3597|986|3110|4594|2815|419|4892;489|397|397|397|218|580|465|397|218|397|397|77|482|397|397|397|511|507|320|397|560|397|206|415|491|299|465|465|218|489|397|231|332|560|560|54|397|332|397|397|397|121|397|174|397|0|397;1|1|1|1|1|1|1|1|1|1|1|1|1|1|1|1|1|1|1|1|1|1|1|1|1|1|1|1|1|1|1|1|1|1|1|1|1|1|1|1|1|1|1|1|1|2|1;2017-01-17 10:07:58;2017-01-17 10:08:27;2.0
D2179EFF-F83E-41EF-B34E-6F8EE31BA346;00000000-0000-0008-1632-011493059375;6114|421|2814|1478|2040|3563|3622|1850|1032|2011|1487|77|212|5479|1398|5478|1562|207|1868|1489|2020|1849|80|5273|1168|2673|3509|1169|4879|4588|3081|4881|3625|965|3342|4866|242|4869|463|2828|4862|4848|5498|4865|5424|2041|4876|5485|5257|831|4868|5024|1847|1180|210|5495|5005|4849|4861|5882|4589|935|4870|1408|3833|3834|1839|4590|936|5441|5442|211|208|215|205|4863|3249|3267|990|231|4864|1877|4880|111|4860|101|4872|5423|1560|1512|1589|216|4692|5277|5280|1531|5281|393|4284|4885|4693|2478|4432|5671|2457|6101|5158|4257|5289|2018|4778|4774|4436|3254|5851|4776|5852|4275|4273|5977|4719|5609|996|986|3110|4594|2815|419|4892;489|397|397|397|218|580|465|397|218|397|397|77|482|397|397|397|511|507|320|397|560|397|206|415|491|299|465|465|218|489|397|231|332|560|560|54|397|218|218|397|491|218|397|491|397|397|326|397|491|426|128|397|397|397|482|397|397|218|208|397|174|397|125|560|574|574|397|174|426|397|397|553|553|397|397|491|378|397|401|397|28|580|218|397|332|397|121|397|397|397|397|397|67|515|580|397|415|21|249|214|215|397|218|397|397|397|397|483|397|397|142|483|483|560|397|566|397|516|516|397|566|397|491|121|397|174|397|0|397;1|1|1|1|1|1|1|1|1|1|1|1|1|1|1|1|1|1|1|1|1|1|1|1|1|1|1|1|1|1|1|1|1|1|1|1|1|1|1|1|1|1|1|1|1|1|1|1|1|1|1|1|1|1|1|1|1|1|1|1|1|1|1|1|1|1|1|1|1|1|1|1|1|1|1|1|1|1|1|1|1|1|1|1|1|1|1|1|1|1|1|1|1|1|1|1|1|1|1|1|1|1|1|1|1|1|1|1|1|1|1|1|1|1|1|1|1|1|1|1|1|1|1|1|1|1|1|2|1;2017-04-24 13:42:59;2017-04-24 13:44:26;1.0
D5943656-3EC6-43F9-9952-2B80A56456C3;00000000-0000-0008-4532-161485381252;6114|421|2814|1478|2040|3563|3621|1850|1032|2011|1487|77|212|219|5477|1400|217|1562|207|1868|1489|2020|1849|80|1168|2673|3509|1169|4879|4588|3081|4881|3625|965|3342|4866|2828|4862|5497|5005|4849|4861|5430|4589|935|4870|1408|3833|3834|1839|4590|936|5441|5442|211|208|215|205|4863|1883|4968|2828|4862|4848|5420|4865|5424|2041|4876|5485|5257|831|4868|5024|1847|1180|210|5495|5005|4849|1839|4590|936|5441|5442|211|208|215|205|4863|3249|3267|990|231|4864|4692|5277|5280|1531|5281|393|398|392|397|5427|3597|986|3110|4594|2815|419|4892;489|397|397|397|218|491|465|397|218|397|397|77|553|553|397|397|397|511|507|320|397|560|397|294|491|299|465|465|218|489|397|231|332|560|560|256|397|580|397|397|218|295|397|174|397|125|560|574|574|397|174|426|397|397|553|553|397|397|580|491|397|397|491|332|397|491|397|397|326|397|491|426|128|397|397|397|482|397|397|332|397|174|426|397|397|553|553|397|397|491|378|397|401|397|28|67|515|580|397|415|12|397|579|397|397|397|121|397|174|397|0|397;1|1|1|1|1|1|1|1|1|1|1|1|1|1|1|1|1|1|1|1|1|1|1|1|1|1|1|1|1|1|1|1|1|1|1|1|1|1|1|1|1|1|1|1|1|1|1|1|1|1|1|1|1|1|1|1|1|1|1|1|1|1|1|1|1|1|1|1|1|1|1|1|1|1|1|1|1|1|1|1|1|1|1|1|1|1|1|1|1|1|1|1|1|1|1|1|1|1|1|1|1|1|1|1|1|1|1|1|1|1|2|1;2017-01-25 15:54:36;2017-01-25 15:55:48;0.0
D600141E-80E0-4A18-9A39-CC967B3DB14B;00000000-0000-0008-1097-071484933477;6114|421|2814|1478|2040|3563|3622|1850|1032|2011|1487|77|212|5479|1398|5478|1562|207|1868|1489|2020|1849|80|5273|1168|2673|3509|1169|4879|4588|3081|4881|3625|965|3342|4866|242|4869|463|2828|4862|4848|5498|4865|5424|2041|1846|4873|5043|5499|2045|1846|4873|5044|4874|506|4888|1840|4883|4858|3136|4885|4693|5671|2457|6101|5158|4257|5289|2018|4778|4774|4436|3254|5851|4776|5977|4719|1841|2482|5428|3597|986|3110|4594|2815|419|4892;489|397|397|397|218|580|465|397|218|397|397|77|482|397|397|397|511|507|320|397|560|397|206|415|491|299|465|465|218|489|397|231|332|560|560|54|397|218|218|397|491|218|397|491|397|466|397|139|397|397|466|397|288|397|139|0|491|397|366|580|397|214|215|397|397|397|397|483|397|397|142|483|483|560|397|483|397|342|397|306|397|397|121|397|174|397|0|397;1|1|1|1|1|1|1|1|1|1|1|1|1|1|1|1|1|1|1|1|1|1|1|1|1|1|1|1|1|1|1|1|1|1|1|1|1|1|1|1|1|1|1|1|1|1|1|1|1|1|1|1|1|1|1|3|1|1|1|1|1|1|1|1|1|1|1|1|1|1|1|1|1|1|1|1|1|1|1|1|1|1|1|1|1|1|2|1;2017-01-20 11:31:23;2017-01-20 11:32:46;0.0
D6978336-7904-4CCA-A5C4-EFEE2E7456E4;00000000-0000-0008-4511-881485901349;6114|421|2814|1478|2040|3563|3622|1850|1032|2011|1487|77|5476|1489|2020|1849|80|1168|2673|3509|1169|4879|4588|3081|4884|1832|4945|5895|4594|2815|419|4892;489|397|397|397|218|580|465|397|218|397|397|33|397|397|560|397|220|491|299|465|465|218|489|465|121|397|397|397|174|397|0|397;1|1|1|1|1|1|1|1|1|1|1|1|1|1|1|1|1|1|1|1|1|1|1|1|1|1|1|1|1|1|2|1;2017-01-31 16:22:50;2017-01-31 16:23:43;2.0
DA9CF6CC-56E3-4BEA-8C11-BFC6C903F3F8;00000000-0000-0005-5530-881484002809;6114|421|2814|1478|2040|3563|3622|1850|1032|2011|1487|77|212|5479|1398|5478|1562|207|1868|1489|2020|1849|80|5273|1168|2673|3509|1169|4879|4588|3081|4881|3625|965|3342|4866|2828|4862|4848|5498|4865|5424|2041|4888|1840|4883|4859|5050|3138|4885|4693|5671|2457|6101|5158|4257|5289|2018|4778|4774|4436|3254|5851|4776|5977|4719|5609|996|986|3110|4594|3853|2815|419|4892;489|397|397|397|218|580|465|397|218|397|397|77|482|397|397|397|511|507|320|397|560|397|206|415|491|299|465|465|218|489|397|231|332|560|560|256|397|491|218|397|491|397|0|491|397|474|580|397|397|214|215|397|397|397|397|483|397|397|142|483|483|560|397|483|397|123|397|491|121|397|328|249|397|0|397;1|1|1|1|1|1|1|1|1|1|1|1|1|1|1|1|1|1|1|1|1|1|1|1|1|1|1|1|1|1|1|1|1|1|1|1|1|1|1|1|1|1|3|1|1|1|1|1|1|1|1|1|1|1|1|1|1|1|1|1|1|1|1|1|1|1|1|1|1|1|1|1|1|2|1;2017-01-09 17:00:31;2017-01-09 17:01:19;2.0
E09E7BDE-B59E-4FAE-B00C-3643C6FFA30A;00000000-0000-0008-2296-351486507915;6114|421|2814|1478|2040|3563|3622|1850|1032|2011|1487|77|212|219|5477|1400|217|1562|4887|207|1868|1489|2020|1849|80|1168|2673|3509|1169|4879|4588|3081|4881|3625|965|3342|4866|2828|4862|5497|5005|4849|4861|5430|4589|935|4870|1408|3833|3834|1839|4590|936|5441|5442|211|208|215|205|4863|1883|4968|2828|4862|4848|5420|4865|5424|2041|4888|1840|4883|4859|5050|3138|4885|4693|5671|2457|6101|5158|4819|4722|5999|5158|1829|4594|2815|419|4892;489|397|397|397|218|580|465|397|218|397|397|77|553|553|397|397|397|560|218|507|320|397|560|397|294|491|299|465|465|218|489|397|231|332|560|560|256|397|580|397|397|218|295|397|174|397|125|560|574|574|397|174|426|397|397|553|553|397|397|580|491|397|397|491|332|397|491|397|0|491|397|474|580|397|397|214|215|397|397|397|466|397|12|397|0|397|174|397|0|397;1|1|1|1|1|1|1|1|1|1|1|1|1|1|1|1|1|1|1|1|1|1|1|1|1|1|1|1|1|1|1|1|1|1|1|1|1|1|1|1|1|1|1|1|1|1|1|1|1|1|1|1|1|1|1|1|1|1|1|1|1|1|1|1|1|1|1|1|3|1|1|1|1|1|1|1|1|1|1|1|1|1|1|1|3|1|1|1|2|1;2017-02-07 16:52:01;2017-02-07 16:53:18;0.0
E1496CB9-2734-4ACC-A7D4-A66B2D255B93;00000000-0000-0008-2341-481489168054;6114|421|2814|1478|2040|3563|3622|1850|1032|2011|1487|77|212|5479|1398|5478|1562|207|1868|1489|2020|1849|80|5273|1168|2673|3509|1169|1829|4594|2815|419|4892;489|397|397|397|218|580|465|397|218|397|397|77|482|397|397|397|511|507|320|397|560|397|206|415|491|299|465|0|397|174|397|0|397;1|1|1|1|1|1|1|1|1|1|1|1|1|1|1|1|1|1|1|1|1|1|1|1|1|1|1|3|1|1|1|2|1;2017-03-10 11:47:39;2017-03-10 11:47:47;0.0
E1C40996-5DB8-4904-B9D1-439879BE0069;00000000-0000-0008-1300-781488490461;6114|421|2814|1478|2040|3563|3622|1850|1032|2011|1487|77|212|219|5477|1400|217|1562|207|1868|1489|2020|1849|80|1168|2673|3509|1169|4879|4588|3081|4881|3625|965|3342|4866|242|4869|463|2828|4862|5497|5005|4849|4861|5430|4589|5743|3849|3851|4870|1408|3833|3834|1839|4590|4467|4191|5535|3870|4591|3554|5284|4572|3852|4728|5107|5441|5442|211|208|215|205|4863|1883|3249|3267|990|231|4864|4692|5277|5280|1531|5281|393|4284|4326|5654|4406|5397|4261|5396|5559|4283|5173|4550|5174|4486|6055|5085|1908|626|6056|5677|4885|4693|5671|2457|6101|5158|4257|5289|2018|4778|4774|4436|3254|5851|4776|5977|4719|5609|996|986|3110|4594|3853|2815|419|4892;489|397|397|397|218|580|465|397|218|397|397|77|553|553|397|397|397|511|507|320|397|560|397|294|491|299|465|465|218|489|397|231|332|560|560|54|397|218|218|397|580|397|397|218|295|397|43|397|397|301|125|560|574|574|397|328|483|551|397|301|43|397|397|516|301|122|397|397|397|553|553|397|397|580|580|378|397|401|397|28|67|515|580|397|415|21|11|580|397|280|397|280|397|397|415|560|415|560|263|397|397|415|491|397|397|214|215|397|397|397|397|483|397|397|142|483|483|560|397|483|397|85|397|491|121|397|328|301|397|0|397;1|1|1|1|1|1|1|1|1|1|1|1|1|1|1|1|1|1|1|1|1|1|1|1|1|1|1|1|1|1|1|1|1|1|1|1|1|1|1|1|1|1|1|1|1|1|1|1|1|1|1|1|1|1|1|1|1|1|1|1|1|1|1|1|1|1|1|1|1|1|1|1|1|1|1|1|1|1|1|1|1|1|1|1|1|1|1|1|1|1|1|1|1|1|1|1|1|1|1|1|1|1|1|1|1|1|1|1|1|1|1|1|1|1|1|1|1|1|1|1|1|1|1|1|1|1|1|1|1|2|1;2017-03-02 15:34:43;2017-03-02 15:35:46;2.0
E29CCBB6-37E6-4E34-864E-B239866F8C32;00000000-0000-0008-1225-881485442197;6114|421|2814|1478|2040|3563|3622|1850|1032|2011|1487|77|212|5479|1398|5478|1562|207|1868|1489|2020|1849|80|5273|1168|2673|3509|1169|4879|4588|3081|4881|3625|965|3342|4866|2828|4862|4848|5498|4865|5424|2041|4876|5485|5257|831|4868|5024|1847|1180|210|5495|5005|4849|4861|5882|4589|5743|3849|3851|4870|1408|3833|3834|1839|4590|4467|5653|3870|3858|4592|936|5441|5442|211|4851|4850|5042|4106|44|4885|4693|5671|2457|6101|5158|4257|5289|2018|4778|4774|4436|3254|5851|4776|5977|4719|5609|996|986|3110|4594|3853|2815|419|4892;489|397|397|397|218|580|465|397|218|397|397|77|482|397|397|397|511|507|320|397|560|397|206|415|491|299|465|465|218|489|397|231|332|560|560|256|397|491|218|397|491|397|397|326|397|491|426|128|397|397|397|482|397|397|218|208|397|43|397|397|301|125|560|574|574|397|328|579|397|133|301|43|426|397|397|507|129|218|397|507|397|214|215|397|397|397|397|483|397|397|142|483|483|560|397|483|397|123|397|491|121|397|328|301|397|0|397;1|1|1|1|1|1|1|1|1|1|1|1|1|1|1|1|1|1|1|1|1|1|1|1|1|1|1|1|1|1|1|1|1|1|1|1|1|1|1|1|1|1|1|1|1|1|1|1|1|1|1|1|1|1|1|1|1|1|1|1|1|1|1|1|1|1|1|1|1|1|1|1|1|1|1|1|1|1|1|1|1|1|1|1|1|1|1|1|1|1|1|1|1|1|1|1|1|1|1|1|1|1|1|1|1|2|1;2017-01-26 08:50:20;2017-01-26 08:51:26;2.0
E5DE54D8-1CF9-488B-9780-544B2F246D8F;00000000-0000-0005-4232-291491235459;6114|421|2814|1478|2040|3563|3622|1850|1032|2011|1487|77|212|5479|1398|5478|1562|207|1868|1489|2020|1849|80|5273|1168|2673|3509|1169|4879|4588|3081|4881|2672|5436|4886|4594|3853|2815|419|4892;489|397|397|397|218|580|465|397|218|397|397|77|482|397|397|397|511|507|320|397|560|397|206|415|491|299|465|465|218|489|397|272|218|397|120|328|249|397|0|397;1|1|1|1|1|1|1|1|1|1|1|1|1|1|1|1|1|1|1|1|1|1|1|1|1|1|1|1|1|1|1|1|1|1|1|1|1|1|2|1;2017-04-03 11:04:34;2017-04-03 11:04:54;1.0
E74D1ABD-D988-4F5D-8303-B53528326967;00000000-0000-0005-2542-851484603751;6114|421|2814|1478|2040|3563|3622|1850|1032|2011|1487|77|212|5479|1398|5478|1562|207|1868|1489|2020|1849|80|5273|1168|2673|3509|1169|4878|5480|3626|966|3343|4867|1853|4853|5422|4877|4882|2001|2816|4884|1835|3597|986|3111|4594|2815|419|4892;489|397|397|397|218|580|465|397|218|397|397|77|482|397|397|397|511|507|320|397|560|397|206|415|491|299|465|397|299|397|332|560|560|189|397|218|397|332|332|560|465|236|397|397|299|397|174|397|0|397;1|1|1|1|1|1|1|1|1|1|1|1|1|1|1|1|1|1|1|1|1|1|1|1|1|1|1|1|1|1|1|1|1|1|1|1|1|1|1|1|1|1|1|1|1|1|1|1|2|1;2017-01-16 15:56:12;2017-01-16 15:57:00;2.0
EBE4158E-7BB0-4E8B-85DA-C5C68E00811A;00000000-0000-0008-1557-121484868582;6114|421|2814|1478|2040|3563|3622|1850|1032|2011|1487|77|212|5476|1489|2020|1849|80|1168|2673|3509|1169|4879|4588|3081|4881|3625|965|3342|4866|2828|4862|4848|5498|4865|5424|2041|4876|5485|5257|831|4868|5024|1847|1180|210|5005|4849|4861|5882|4589|935|4870|1408|3833|3834|1839|4590|936|5441|5442|211|208|215|205|4863|3249|3267|990|231|4864|4880|111|4860|101|4872|5423|1560|1512|1589|216|5023|1833|3597|986|3110|4594|2815|419|4892;489|397|397|397|218|580|465|397|218|397|397|77|507|397|397|560|397|220|491|299|465|465|218|489|397|231|332|560|560|256|397|491|218|397|491|397|397|326|397|491|426|128|397|397|397|553|397|218|221|397|174|397|125|560|574|574|397|174|426|397|397|553|553|397|397|491|378|397|401|397|221|218|397|332|397|121|397|397|397|397|410|397|397|397|121|397|174|397|0|397;1|1|1|1|1|1|1|1|1|1|1|1|1|1|1|1|1|1|1|1|1|1|1|1|1|1|1|1|1|1|1|1|1|1|1|1|1|1|1|1|1|1|1|1|1|1|1|1|1|1|1|1|1|1|1|1|1|1|1|1|1|1|1|1|1|1|1|1|1|1|1|1|1|1|1|1|1|1|1|1|1|1|1|1|1|1|1|1|2|1;2017-01-19 17:29:58;2017-01-19 17:31:06;0.0
EC90C85B-D96E-40BB-9131-5ECAE4896E27;00000000-0000-0005-4604-751483976302;6114|421|2814|1478|2040|3563|3622|1850|1032|2011|1487|77|212|5479|1398|5478|1562|207|1868|1489|2020|1849|80|5273|1168|2673|3509|1169|4879|4588|3081|4881|3625|965|3342|4866|2828|4862|4848|5498|4865|5424|2041|4888|1840|4883|4859|5050|3138|4885|4693|5671|2457|6101|5158|4257|5289|2018|4778|4774|4436|3254|5851|4776|5977|4719|5609|996|986|3110|4594|3853|2815|419|4892;489|397|397|397|218|580|465|397|218|397|397|77|482|397|397|397|511|507|320|397|560|397|206|415|491|299|465|465|218|489|397|231|332|560|560|256|397|491|218|397|491|397|0|491|397|474|580|397|397|214|215|397|397|397|397|483|397|397|142|483|483|560|397|483|397|123|397|491|121|397|328|249|397|0|397;1|1|1|1|1|1|1|1|1|1|1|1|1|1|1|1|1|1|1|1|1|1|1|1|1|1|1|1|1|1|1|1|1|1|1|1|1|1|1|1|1|1|3|1|1|1|1|1|1|1|1|1|1|1|1|1|1|1|1|1|1|1|1|1|1|1|1|1|1|1|1|1|1|2|1;2017-01-09 09:38:45;2017-01-09 09:39:27;2.0
F56F88D9-3DE0-4A55-AA31-BFAEA42863D6;00000000-0000-0005-4355-471483997468;6114|421|2814|1478|2040|3563|3622|1850|1032|2011|1487|77|212|5479|1398|5478|1562|207|1868|1489|2020|1849|80|5273|1168|2673|3509|1169|4879|4588|3081|4881|3625|965|3342|4866|2828|4862|4848|5498|4865|5424|2041|4876|5485|5257|831|4868|5024|1847|1180|210|5495|5005|4849|4861|5882|4589|5743|3849|3851|4870|1408|3833|3834|1839|4590|4467|5653|3870|3858|4592|936|5441|5442|211|4851|4850|5042|4106|44|4885|4693|5671|2457|6101|5158|4257|5289|2018|4778|4774|4436|4818|4117|4775|5170|4725|3254|5851|4776|5977|4719|5609|996|986|3110|4594|3853|2815|419|4892;489|397|397|397|218|580|465|397|218|397|397|77|482|397|397|397|511|507|320|397|560|397|206|415|491|299|465|465|218|489|397|231|332|560|560|256|397|491|218|397|491|397|397|326|397|491|426|128|397|397|397|482|397|397|218|208|397|43|397|397|301|125|560|574|574|397|328|579|397|133|301|43|426|397|397|507|129|218|397|507|397|214|215|397|397|397|397|483|397|397|142|483|579|397|483|483|397|579|560|397|483|397|123|397|491|121|397|328|301|397|0|397;1|1|1|1|1|1|1|1|1|1|1|1|1|1|1|1|1|1|1|1|1|1|1|1|1|1|1|1|1|1|1|1|1|1|1|1|1|1|1|1|1|1|1|1|1|1|1|1|1|1|1|1|1|1|1|1|1|1|1|1|1|1|1|1|1|1|1|1|1|1|1|1|1|1|1|1|1|1|1|1|1|1|1|1|1|1|1|1|1|1|1|1|1|1|1|1|1|1|1|1|1|1|1|1|1|1|1|1|1|1|2|1;2017-01-09 15:31:25;2017-01-09 15:32:39;2.0
F81C5848-61EA-4320-99E0-818C7F05BA77;00000000-0000-0008-1217-571494865850;6114|421|2814|1478|2040|3563|3622|1850|1032|2011|1487|77|212|5479|1398|5478|1562|207|1868|1489|2020|1849|80|5273|1168|2673|3509|1169|1829|4594|3853|2815|419|4892;489|397|397|397|218|580|465|397|218|397|397|77|482|397|397|397|511|507|320|397|560|397|206|415|491|299|465|0|397|328|249|397|0|397;1|1|1|1|1|1|1|1|1|1|1|1|1|1|1|1|1|1|1|1|1|1|1|1|1|1|1|3|1|1|1|1|2|1;2017-05-15 11:31:11;2017-05-15 11:31:16;0.0
FC1CBCAF-9242-4A65-8009-04270ADD64E4;00000000-0000-0005-2554-821484769955;6114|421|2814|1478|2040|3563|3622|1850|1032|2011|1487|77|212|5479|1398|5478|1562|207|1868|1489|2020|1849|80|5273|1168|2673|3509|1169|4879|4588|3081|4881|3625|965|3342|4866|2828|4862|4848|5498|4865|5424|2041|4876|5485|5257|831|4868|5024|1847|1180|210|5495|5005|4849|4861|5882|4589|5743|3849|3851|4870|1408|3833|3834|1839|4590|4467|5653|3870|3858|4592|936|5441|5442|211|4851|4850|5042|4106|44|4885|4693|5671|2457|6101|5158|4257|5289|2018|4778|4774|4436|3254|5851|4776|5977|4719|5609|996|986|3110|4594|3853|2815|419|4892;489|397|397|397|218|580|465|397|218|397|397|77|482|397|397|397|511|507|320|397|560|397|206|415|491|299|465|465|218|489|397|231|332|560|560|256|397|491|218|397|491|397|397|326|397|491|426|128|397|397|397|482|397|397|218|208|397|43|397|397|301|125|560|574|574|397|328|579|397|133|301|43|426|397|397|507|129|218|397|507|397|214|215|397|397|397|397|483|397|397|142|483|483|560|397|483|397|123|397|491|121|397|328|301|397|0|397;1|1|1|1|1|1|1|1|1|1|1|1|1|1|1|1|1|1|1|1|1|1|1|1|1|1|1|1|1|1|1|1|1|1|1|1|1|1|1|1|1|1|1|1|1|1|1|1|1|1|1|1|1|1|1|1|1|1|1|1|1|1|1|1|1|1|1|1|1|1|1|1|1|1|1|1|1|1|1|1|1|1|1|1|1|1|1|1|1|1|1|1|1|1|1|1|1|1|1|1|1|1|1|1|1|2|1;2017-01-18 14:06:19;2017-01-18 14:07:23;0.0
FDD8DD45-1955-42BE-A872-461CEF66015A;00000000-0000-0008-2146-471486074838;6114|421|2814|1478|2040|3563|3622|1850|1032|2011|1487|77|212|5479|1398|5478|1562|207|1868|1489|2020|1849|80|5273|1168|2673|3509|1169|4879|4588|3081|4881|2672|5436|4886|4594|2815|419|4892;489|397|397|397|218|580|465|397|218|397|397|77|482|397|397|397|511|507|320|397|560|397|206|415|491|299|465|465|218|489|397|272|218|397|120|174|397|0|397;1|1|1|1|1|1|1|1|1|1|1|1|1|1|1|1|1|1|1|1|1|1|1|1|1|1|1|1|1|1|1|1|1|1|1|1|1|2|1;2017-02-02 16:34:04;2017-02-02 16:34:17;2.0
FEB5763A-C360-483B-89BA-933E3FB86A9C;00000000-0000-0008-6581-681494262784;6114|421|2814|1478|2040|3563|3622|1850|1032|2011|1487|77|212|5479|1398|5478|1562|207|1868|1489|2020|1849|80|5273|1168|2673|3509|1169|4879|4588|3081|1829|4594|2815|419|4892;489|397|397|397|218|580|465|397|218|397|397|77|482|397|397|397|511|507|320|397|560|397|206|415|491|299|465|465|218|489|0|397|174|397|0|397;1|1|1|1|1|1|1|1|1|1|1|1|1|1|1|1|1|1|1|1|1|1|1|1|1|1|1|1|1|1|3|1|1|1|2|1;2017-05-08 11:59:49;2017-05-08 12:00:03;0.0
